{
  "py/object": "tasking.utils.blackboard.Blackboard",
  "py/state": {
    "json_file_path": "C:\\Users\\TI\\AppData\\Local\\Temp\\vcsaCliInstaller-2020-03-02-11-59-5bj71zxf\\workflow_1583150388067\\blackboard.json",
    "data": {
      "cli_arg_accept_eula": true,
      "cli_arg_terse": false,
      "cli_arg_skip_precheck": false,
      "cli_arg_template": [
        "F:\\GitHub\\Source\\Terraform\\Projects\\VCSA CLI Install\\embedded_vCSA_on_ESXi_6.7.json"
      ],
      "cli_arg_verbose": true,
      "cli_arg_no_esx_ssl_verify": true,
      "cli_arg_verify_template_only": false,
      "cli_arg_sub_command": "install",
      "cli_arg_acknowledge_ceip": false,
      "cli_arg_log_dir": null,
      "cli_arg_operation_id": null,
      "cli_arg_no_ssl_certificate_verification": true,
      "cli_arg_pause_on_warnings": false,
      "cli_arg_supported_deployment_sizes": false,
      "cli_arg_precheck_only": false,
      "cli_arg_template_help": false
    },
    "maskables_dict": {
      "password": "******",
      "passwd": "******"
    }
  }
}