{
  "end_time": "2020-03-02T12:12:01.847101",
  "metadata_file": "C:\\Users\\TI\\AppData\\Local\\Temp\\vcsaCliInstaller-2020-03-02-11-59-5bj71zxf\\workflow_1583150388067\\vcsa-cli-installer-metadata.json",
  "state": "<placeholder>",
  "task_order": [
    "com.vmware.vcsa.installer.requirements.src_requirement",
    "com.vmware.vcsa.installer.prechecks",
    "com.vmware.vcsa.installer.ovf.deploy_appliance",
    "com.vmware.vcsa.installer.monitor.monitor_vcsa_deployment",
    "com.vmware.vcsa.installer.monitor.appliance_login_summary"
  ],
  "tasks": {
    "com.vmware.vcsa.installer.monitor.monitor_vcsa_deployment": {
      "description": "Monitor the entire VCSA deployment using appliance REST API",
      "status": "SUCCEEDED",
      "start_time": "2020-03-02T12:03:21.923408",
      "last_updated_time": "2020-03-02T12:12:00.469102",
      "end_time": "2020-03-02T12:12:00.469102",
      "progress": {
        "completed": 1,
        "total": 1,
        "message": {
          "default_message": "Successfully executed Task 'MonitorDeploymentTask: Monitoring Deployment' in TaskFlow 'embedded_vCSA_on_ESXi_6.7'",
          "id": "",
          "args": []
        }
      },
      "external_tools": [],
      "info": [],
      "warning": [],
      "error": []
    },
    "com.vmware.vcsa.installer.prechecks": {
      "description": "Perform precheck tasks.",
      "status": "SUCCEEDED",
      "start_time": "2020-03-02T11:59:55.322216",
      "last_updated_time": "2020-03-02T12:00:23.209091",
      "end_time": "2020-03-02T12:00:23.209091",
      "progress": {
        "completed": 1,
        "total": 1,
        "message": {
          "default_message": "Successfully executed Task 'PrecheckTask: Running prechecks.' in TaskFlow 'embedded_vCSA_on_ESXi_6.7'",
          "id": "",
          "args": []
        }
      },
      "external_tools": [],
      "info": [],
      "warning": [],
      "error": []
    },
    "com.vmware.vcsa.installer.requirements.src_requirement": {
      "description": "Validate that requirements are met in the source VCSA.",
      "status": "SUCCEEDED",
      "start_time": "2020-03-02T11:59:54.436214",
      "last_updated_time": "2020-03-02T11:59:54.683213",
      "end_time": "2020-03-02T11:59:54.683213",
      "progress": {
        "completed": 1,
        "total": 1,
        "message": {
          "default_message": "Successfully executed Task 'SrcRequirementTask: Running SrcRequirementTask' in TaskFlow 'embedded_vCSA_on_ESXi_6.7'",
          "id": "",
          "args": []
        }
      },
      "external_tools": [],
      "info": [],
      "warning": [],
      "error": []
    },
    "com.vmware.vcsa.installer.ovf.deploy_appliance": {
      "description": "Invoke OVF Tool to deploy VCSA for installation, upgrade, and migration",
      "status": "SUCCEEDED",
      "start_time": "2020-03-02T12:00:23.934092",
      "last_updated_time": "2020-03-02T12:03:21.237412",
      "end_time": "2020-03-02T12:03:21.237412",
      "progress": {
        "completed": 200,
        "total": 200,
        "message": {
          "default_message": "Successfully executed Task 'Deploying vCenter Server Appliance' in TaskFlow 'embedded_vCSA_on_ESXi_6.7'",
          "id": "",
          "args": []
        }
      },
      "external_tools": [],
      "info": [],
      "warning": [],
      "error": []
    },
    "com.vmware.vcsa.installer.monitor.appliance_login_summary": {
      "description": "Provide the login information about new appliance.",
      "status": "SUCCEEDED",
      "start_time": "2020-03-02T12:12:01.300099",
      "last_updated_time": "2020-03-02T12:12:01.720102",
      "end_time": "2020-03-02T12:12:01.720102",
      "progress": {
        "completed": 1,
        "total": 1,
        "message": {
          "default_message": "Successfully executed Task 'ApplianceLoginSummaryTask: Provide appliance login information.' in TaskFlow 'embedded_vCSA_on_ESXi_6.7'",
          "id": "",
          "args": []
        }
      },
      "external_tools": [],
      "info": [],
      "warning": [],
      "error": []
    }
  },
  "progress": {
    "completed": 5,
    "total": 5,
    "message": {
      "default_message": "Successfully executed Task 'ApplianceLoginSummaryTask: Provide appliance login information.' in TaskFlow 'embedded_vCSA_on_ESXi_6.7'",
      "id": "",
      "args": []
    }
  },
  "status": "SUCCEEDED",
  "last_updated_time": "2020-03-02T12:12:01.847101",
  "start_time": "2020-03-02T11:59:54.480217"
}