{
  "log_location": "C:\\Users\\TI\\AppData\\Local\\Temp\\vcsaCliInstaller-2020-03-02-11-59-5bj71zxf\\workflow_1583150388067\\vcsa-cli-installer-metadata.json",
  "comment": "vCenter Server Appliance Installer",
  "operation": "install",
  "versions": {
    "template_version": "2.13.0"
  },
  "cli_configurations": {
    "os": "Windows-10-10.0.18362",
    "command": "D:\\vcsa-cli-installer\\win32\\vcsa-deploy.exe 'install' '--accept-eula' '--no-esx-ssl-verify' '-v' 'F:\\GitHub\\Source\\Terraform\\Projects\\VCSA CLI Install\\embedded_vCSA_on_ESXi_6.7.json'",
    "logs": {
      "level": "verbose",
      "metadata_file": "C:\\Users\\TI\\AppData\\Local\\Temp\\vcsaCliInstaller-2020-03-02-11-59-5bj71zxf\\workflow_1583150388067\\vcsa-cli-installer-metadata.json",
      "status_file": "C:\\Users\\TI\\AppData\\Local\\Temp\\vcsaCliInstaller-2020-03-02-11-59-5bj71zxf\\workflow_1583150388067\\vcsa-cli-installer-status.json",
      "log_file": "C:\\Users\\TI\\AppData\\Local\\Temp\\vcsaCliInstaller-2020-03-02-11-59-5bj71zxf\\workflow_1583150388067\\vcsa-cli-installer.log"
    }
  },
  "statuses": [
    "RUNNING",
    "SUCCEEDED",
    "FAILED",
    "PENDING"
  ]
}