{
  "template_validation": {
    "end_time": "2020-03-02T11:59:52.686213",
    "subtask_order": [
      [
        "com.vmware.vcsa.installer.template.cli_argument_validation",
        "com.vmware.vcsa.installer.template.syntax_validation"
      ],
      [
        "com.vmware.vcsa.installer.template.syntax_validation",
        "com.vmware.vcsa.installer.template.version_processing"
      ],
      [
        "com.vmware.vcsa.installer.template.structure_validation",
        "com.vmware.vcsa.installer.template.dependency_processing"
      ],
      [
        "com.vmware.vcsa.installer.template.version_processing",
        "com.vmware.vcsa.installer.template.structure_validation"
      ]
    ],
    "appliance_info": {
      "appliance_name": "",
      "appliance_fqdn": "",
      "appliance_ips": []
    },
    "last_updated_time": "2020-03-02T11:59:52.686213",
    "state": "<placeholder>",
    "progress": {
      "completed": 5,
      "total": 5,
      "message": {
        "default_message": "Successfully executed Task 'DependencyProcessingTask: Executing Template Dependency Processing task' in TaskFlow 'template_validation'",
        "id": "",
        "args": []
      }
    },
    "start_time": "2020-03-02T11:59:48.438218",
    "service": false,
    "subtasks": {
      "com.vmware.vcsa.installer.template.cli_argument_validation": {
        "description": "To validate CLI options",
        "status": "SUCCEEDED",
        "start_time": "2020-03-02T11:59:48.437214",
        "last_updated_time": "2020-03-02T11:59:48.917217",
        "end_time": "2020-03-02T11:59:48.917217",
        "progress": {
          "completed": 1,
          "total": 1,
          "message": {
            "default_message": "Successfully executed Task 'CLIOptionsValidationTask: Executing CLI optionsValidation task' in TaskFlow 'template_validation'",
            "id": "",
            "args": []
          }
        },
        "external_tools": [],
        "result": {
          "info": [
            {
              "id": "",
              "time": "2020-03-02T11:59:46.815216",
              "message": {
                "default_message": "Command line arguments verfied.",
                "id": "",
                "args": []
              },
              "resolution": {
                "default_message": "",
                "id": "",
                "args": []
              }
            }
          ],
          "errors": [],
          "warnings": []
        }
      },
      "com.vmware.vcsa.installer.template.structure_validation": {
        "description": "To validate the template structure against the rules specified by a corresponding template schema.",
        "status": "SUCCEEDED",
        "start_time": "2020-03-02T11:59:51.047216",
        "last_updated_time": "2020-03-02T11:59:52.125213",
        "end_time": "2020-03-02T11:59:52.125213",
        "progress": {
          "completed": 1,
          "total": 1,
          "message": {
            "default_message": "Successfully executed Task 'StructureValidationTask: Executing Template Structure Validation task' in TaskFlow 'template_validation'",
            "id": "",
            "args": []
          }
        },
        "external_tools": [],
        "result": {
          "info": [
            {
              "id": "",
              "time": "2020-03-02T11:59:46.815216",
              "message": {
                "default_message": "Template structure validation for template 'F:\\GitHub\\Source\\Terraform\\Projects\\VCSA CLI Install\\embedded_vCSA_on_ESXi_6.7.json' succeeded.",
                "id": "",
                "args": []
              },
              "resolution": {
                "default_message": "",
                "id": "",
                "args": []
              }
            },
            {
              "id": "",
              "time": "2020-03-02T11:59:46.815216",
              "message": {
                "default_message": "Structure validation for all templates succeeded.",
                "id": "",
                "args": []
              },
              "resolution": {
                "default_message": "",
                "id": "",
                "args": []
              }
            }
          ],
          "errors": [],
          "warnings": []
        }
      },
      "com.vmware.vcsa.installer.template.version_processing": {
        "description": "To check the version of each template, and for each older template that supports CEIP, convert it to the latest template format, and save it to the Template Blackboard",
        "status": "SUCCEEDED",
        "start_time": "2020-03-02T11:59:49.801217",
        "last_updated_time": "2020-03-02T11:59:50.774216",
        "end_time": "2020-03-02T11:59:50.774216",
        "progress": {
          "completed": 1,
          "total": 1,
          "message": {
            "default_message": "Successfully executed Task 'VersionProcessingTask: Executing Template Version Processing task' in TaskFlow 'template_validation'",
            "id": "",
            "args": []
          }
        },
        "external_tools": [],
        "result": {
          "info": [
            {
              "id": "",
              "time": "2020-03-02T11:59:46.815216",
              "message": {
                "default_message": "Template version processing for template 'F:\\GitHub\\Source\\Terraform\\Projects\\VCSA CLI Install\\embedded_vCSA_on_ESXi_6.7.json' succeeded.",
                "id": "",
                "args": []
              },
              "resolution": {
                "default_message": "",
                "id": "",
                "args": []
              }
            },
            {
              "id": "",
              "time": "2020-03-02T11:59:46.815216",
              "message": {
                "default_message": "Version processing for all templates succeeded.",
                "id": "",
                "args": []
              },
              "resolution": {
                "default_message": "",
                "id": "",
                "args": []
              }
            }
          ],
          "errors": [],
          "warnings": []
        }
      },
      "com.vmware.vcsa.installer.template.dependency_processing": {
        "description": "To create a dependency graph for the provided templates, with an edge pairing two templates that are dependent on each other. Such graph relationships will affect whether certain templates can be deployed in parallel, or must be deployed sequentially.",
        "status": "SUCCEEDED",
        "start_time": "2020-03-02T11:59:52.433216",
        "last_updated_time": "2020-03-02T11:59:52.649216",
        "end_time": "2020-03-02T11:59:52.649216",
        "progress": {
          "completed": 1,
          "total": 1,
          "message": {
            "default_message": "Successfully executed Task 'DependencyProcessingTask: Executing Template Dependency Processing task' in TaskFlow 'template_validation'",
            "id": "",
            "args": []
          }
        },
        "external_tools": [],
        "result": {
          "info": [
            {
              "id": "",
              "time": "2020-03-02T11:59:46.815216",
              "message": {
                "default_message": "Dependency processing for all templates succeeded.",
                "id": "",
                "args": []
              },
              "resolution": {
                "default_message": "",
                "id": "",
                "args": []
              }
            }
          ],
          "errors": [],
          "warnings": []
        }
      },
      "com.vmware.vcsa.installer.template.syntax_validation": {
        "description": "To validate the syntax of the template.",
        "status": "SUCCEEDED",
        "start_time": "2020-03-02T11:59:49.092215",
        "last_updated_time": "2020-03-02T11:59:49.558215",
        "end_time": "2020-03-02T11:59:49.558215",
        "progress": {
          "completed": 1,
          "total": 1,
          "message": {
            "default_message": "Successfully executed Task 'SyntaxValidationTask: Executing Template Syntax Validation task' in TaskFlow 'template_validation'",
            "id": "",
            "args": []
          }
        },
        "external_tools": [],
        "result": {
          "info": [
            {
              "id": "",
              "time": "2020-03-02T11:59:46.815216",
              "message": {
                "default_message": "Template syntax validation for template 'F:\\GitHub\\Source\\Terraform\\Projects\\VCSA CLI Install\\embedded_vCSA_on_ESXi_6.7.json' succeeded.",
                "id": "",
                "args": []
              },
              "resolution": {
                "default_message": "",
                "id": "",
                "args": []
              }
            },
            {
              "id": "",
              "time": "2020-03-02T11:59:46.815216",
              "message": {
                "default_message": "Syntax validation for all templates succeeded.",
                "id": "",
                "args": []
              },
              "resolution": {
                "default_message": "",
                "id": "",
                "args": []
              }
            }
          ],
          "errors": [],
          "warnings": []
        }
      }
    },
    "status": "SUCCEEDED",
    "metadata_file": ""
  },
  "workflow_summary": {
    "end_time": "2020-03-02T12:12:02.194100",
    "subtask_order": [],
    "appliance_info": {
      "appliance_name": "",
      "appliance_fqdn": "",
      "appliance_ips": ""
    },
    "last_updated_time": "2020-03-02T12:12:02.194100",
    "state": "<placeholder>",
    "progress": {
      "completed": 1,
      "total": 1,
      "message": {
        "default_message": "Successfully executed Task 'ApplianceLoginSummaryTask: Provide appliance login information.' in TaskFlow 'embedded_vCSA_on_ESXi_6.7'",
        "id": "",
        "args": []
      }
    },
    "start_time": "2020-03-02T11:59:54.041215",
    "service": false,
    "subtasks": {
      "embedded_vCSA_on_ESXi_6.7": {
        "description": "Install scenario",
        "status": "SUCCEEDED",
        "start_time": "2020-03-02T11:59:54.041215",
        "last_updated_time": "2020-03-02T12:12:02.194100",
        "end_time": "2020-03-02T12:12:02.194100",
        "progress": {
          "completed": 5,
          "total": 5,
          "message": {
            "default_message": "Successfully executed Task 'ApplianceLoginSummaryTask: Provide appliance login information.' in TaskFlow 'embedded_vCSA_on_ESXi_6.7'",
            "id": "",
            "args": []
          }
        },
        "external_tools": [],
        "result": {
          "info": [],
          "warnings": [],
          "errors": []
        }
      }
    },
    "status": "SUCCEEDED",
    "metadata_file": "C:\\Users\\TI\\AppData\\Local\\Temp\\vcsaCliInstaller-2020-03-02-11-59-5bj71zxf\\workflow_1583150388067\\vcsa-cli-installer-metadata.json"
  },
  "embedded_vCSA_on_ESXi_6.7": {
    "end_time": "2020-03-02T12:12:01.847101",
    "subtask_order": [
      [
        "com.vmware.vcsa.installer.requirements.src_requirement",
        "com.vmware.vcsa.installer.prechecks"
      ],
      [
        "com.vmware.vcsa.installer.prechecks",
        "com.vmware.vcsa.installer.ovf.deploy_appliance"
      ],
      [
        "com.vmware.vcsa.installer.monitor.monitor_vcsa_deployment",
        "com.vmware.vcsa.installer.monitor.appliance_login_summary"
      ],
      [
        "com.vmware.vcsa.installer.ovf.deploy_appliance",
        "com.vmware.vcsa.installer.monitor.monitor_vcsa_deployment"
      ]
    ],
    "appliance_info": {
      "appliance_name": "vCenter-Test",
      "appliance_fqdn": "vcentre-test.redink.com",
      "appliance_ips": [
        "172.17.5.250"
      ]
    },
    "last_updated_time": "2020-03-02T12:12:01.847101",
    "state": "<placeholder>",
    "progress": {
      "completed": 5,
      "total": 5,
      "message": {
        "default_message": "Successfully executed Task 'ApplianceLoginSummaryTask: Provide appliance login information.' in TaskFlow 'embedded_vCSA_on_ESXi_6.7'",
        "id": "",
        "args": []
      }
    },
    "start_time": "2020-03-02T11:59:54.480217",
    "service": false,
    "subtasks": {
      "com.vmware.vcsa.installer.monitor.monitor_vcsa_deployment": {
        "description": "Monitor the entire VCSA deployment using appliance REST API",
        "status": "SUCCEEDED",
        "start_time": "2020-03-02T12:03:21.923408",
        "last_updated_time": "2020-03-02T12:12:00.469102",
        "end_time": "2020-03-02T12:12:00.469102",
        "progress": {
          "completed": 1,
          "total": 1,
          "message": {
            "default_message": "Successfully executed Task 'MonitorDeploymentTask: Monitoring Deployment' in TaskFlow 'embedded_vCSA_on_ESXi_6.7'",
            "id": "",
            "args": []
          }
        },
        "external_tools": [],
        "result": {
          "info": [],
          "warnings": [],
          "errors": []
        }
      },
      "com.vmware.vcsa.installer.prechecks": {
        "description": "Perform precheck tasks.",
        "status": "SUCCEEDED",
        "start_time": "2020-03-02T11:59:55.322216",
        "last_updated_time": "2020-03-02T12:00:23.209091",
        "end_time": "2020-03-02T12:00:23.209091",
        "progress": {
          "completed": 1,
          "total": 1,
          "message": {
            "default_message": "Successfully executed Task 'PrecheckTask: Running prechecks.' in TaskFlow 'embedded_vCSA_on_ESXi_6.7'",
            "id": "",
            "args": []
          }
        },
        "external_tools": [],
        "result": {
          "info": [],
          "warnings": [],
          "errors": []
        }
      },
      "com.vmware.vcsa.installer.requirements.src_requirement": {
        "description": "Validate that requirements are met in the source VCSA.",
        "status": "SUCCEEDED",
        "start_time": "2020-03-02T11:59:54.436214",
        "last_updated_time": "2020-03-02T11:59:54.683213",
        "end_time": "2020-03-02T11:59:54.683213",
        "progress": {
          "completed": 1,
          "total": 1,
          "message": {
            "default_message": "Successfully executed Task 'SrcRequirementTask: Running SrcRequirementTask' in TaskFlow 'embedded_vCSA_on_ESXi_6.7'",
            "id": "",
            "args": []
          }
        },
        "external_tools": [],
        "result": {
          "info": [],
          "warnings": [],
          "errors": []
        }
      },
      "com.vmware.vcsa.installer.ovf.deploy_appliance": {
        "description": "Invoke OVF Tool to deploy VCSA for installation, upgrade, and migration",
        "status": "SUCCEEDED",
        "start_time": "2020-03-02T12:00:23.934092",
        "last_updated_time": "2020-03-02T12:03:21.237412",
        "end_time": "2020-03-02T12:03:21.237412",
        "progress": {
          "completed": 200,
          "total": 200,
          "message": {
            "default_message": "Successfully executed Task 'Deploying vCenter Server Appliance' in TaskFlow 'embedded_vCSA_on_ESXi_6.7'",
            "id": "",
            "args": []
          }
        },
        "external_tools": [],
        "result": {
          "info": [],
          "warnings": [],
          "errors": []
        }
      },
      "com.vmware.vcsa.installer.monitor.appliance_login_summary": {
        "description": "Provide the login information about new appliance.",
        "status": "SUCCEEDED",
        "start_time": "2020-03-02T12:12:01.300099",
        "last_updated_time": "2020-03-02T12:12:01.720102",
        "end_time": "2020-03-02T12:12:01.720102",
        "progress": {
          "completed": 1,
          "total": 1,
          "message": {
            "default_message": "Successfully executed Task 'ApplianceLoginSummaryTask: Provide appliance login information.' in TaskFlow 'embedded_vCSA_on_ESXi_6.7'",
            "id": "",
            "args": []
          }
        },
        "external_tools": [],
        "result": {
          "info": [],
          "warnings": [],
          "errors": []
        }
      }
    },
    "status": "SUCCEEDED",
    "metadata_file": "C:\\Users\\TI\\AppData\\Local\\Temp\\vcsaCliInstaller-2020-03-02-11-59-5bj71zxf\\workflow_1583150388067\\vcsa-cli-installer-metadata.json"
  }
}