{
  "py/object": "tasking.utils.blackboard.Blackboard",
  "py/state": {
    "json_file_path": "C:\\Users\\TI\\AppData\\Local\\Temp\\vcsaCliInstaller-2020-03-02-11-59-5bj71zxf\\workflow_1583150388067\\embedded_vCSA_on_ESXi_6.7\\blackboard.json",
    "data": {
      "template_newvc_appliance_deployment_option": "tiny",
      "cli_arg_sub_command": "install",
      "sso_host": null,
      "cli_arg_acknowledge_ceip": false,
      "template_format": "json",
      "template_newvc_network_ip": "172.17.5.250",
      "ovftool_auto_config": true,
      "newvc_system_name": "vcentre-test.redink.com",
      "template_newvc_host_target": {
        "py/id": 52
      },
      "cli_arg_verify_template_only": false,
      "taskflow_log_dir": "C:\\Users\\TI\\AppData\\Local\\Temp\\vcsaCliInstaller-2020-03-02-11-59-5bj71zxf\\workflow_1583150388067\\embedded_vCSA_on_ESXi_6.7",
      "template_ceip_settings_ceip_enabled": false,
      "template_image_url_cert_thumbprint": null,
      "template_newvc_sso_password": "******",
      "template_skip_image_url_cert_verification": false,
      "target_host_type": "esxi",
      "ovf_tool_path": "D:\\vcsa-cli-installer\\win32\\..\\..\\vcsa\\ovftool\\win32\\ovftool.exe",
      "template_newvc_host_cert_verification": false,
      "template_newvc_ovftool_arguments": {},
      "template_newvc_network_dns_servers": "172.17.5.130",
      "template_newvc_vc_datacenter": null,
      "cli_arg_skip_precheck": false,
      "use_new_monitoring_task": true,
      "template_newvc_host_password": "******",
      "template_path": "F:\\GitHub\\Source\\Terraform\\Projects\\VCSA CLI Install\\embedded_vCSA_on_ESXi_6.7.json",
      "template_newvc_sso_platform_service_controller": null,
      "cli_arg_operation_id": null,
      "cli_arg_no_ssl_certificate_verification": true,
      "template_newvc_network_system_name": "vcentre-test.redink.com",
      "cli_installer_log_file": "C:\\Users\\TI\\AppData\\Local\\Temp\\vcsaCliInstaller-2020-03-02-11-59-5bj71zxf\\workflow_1583150388067\\vcsa-cli-installer.log",
      "cli_arg_template_help": false,
      "cli_arg_accept_eula": true,
      "template_newvc_sso_site_name": null,
      "workflow_logger_name": "vCSACliInstallLogger",
      "deployment_type": "embedded",
      "template_newvc_network_prefix": "24",
      "template_newvc_os_time_tools_sync": null,
      "template_newvc_host_username": "root",
      "template_newvc_host_cert_thumbprint": null,
      "operation": "install",
      "template_newvc_os_root_password": "******",
      "cli_arg_supported_deployment_sizes": false,
      "cli_arg_precheck_only": false,
      "datastore_freespace": 178.27,
      "template_newvc_host_type": "esxi",
      "swap_file_size": 10,
      "template_list": {
        "py/id": 2
      },
      "skip_first_instance_sso_prechecks": false,
      "template_config": {
        "ovaDeploymentOptionsValues": {
          "py/object": "cli_ova.ova_layout_info.OvaLayoutInfo",
          "option_count": 31
        },
        "_schema": {
          "__version": "2.13.0",
          "ceip": {
            "description": {
              "__comments": "This product participates in VMware's Customer Experience\nImprovement Program ('CEIP'). Details regarding the data\ncollected through CEIP and the purposes for which it is used\nby VMware are set forth at the Trust & Assurance Center at\nhttp://www.vmware.com/trustvmware/ceip.html. To join\nthe CEIP for this product, in the template, set\n'ceip_enabled': true. To leave the CEIP for this product, set\n'ceip_enabled': false. Please confirm your acknowledgement\nby passing in the parameter --acknowledge-ceip in the\ncommand line.\n"
            },
            "__comments": "VMware Customer Experience Improvement Program (CEIP)",
            "settings": {
              "__comments": "CEIP participation options",
              "ceip_enabled": {
                "type": {
                  "py/type": "__builtin__.bool"
                },
                "ovf-prop": "guestinfo.cis.ceip_enabled",
                "required_args": [
                  {
                    "py/tuple": [
                      "new_vcsa",
                      "appliance",
                      "deployment_option"
                    ]
                  }
                ],
                "required": {
                  "py/function": "config_parser.is_ceip_required"
                },
                "__comments": "This key describes the enabling option for the VMware's Customer Experience Improvement Program (CEIP). By default we have 'ceip_enabled': true, which indicates that you are joining CEIP. If you prefer not to participate in the VMware's CEIP for this product, you must disable CEIP by setting 'ceip_enabled': false. You may join or leave VMware's CEIP for this product at any time."
              }
            }
          },
          "__comments": "List of the JSON parameters that you can use to prepare templates for deployment of embedded and external instances of the VCSA {'version': '6.7'}.",
          "new_vcsa": {
            "network": {
              "prefix": {
                "ovf-prop": "guestinfo.cis.appliance.net.prefix",
                "validate": {
                  "py/function": "config_parser.validate_prefix"
                },
                "__comments": "Network prefix length. Use only when the mode is 'static'. Remove if the mode is 'dhcp'. This is the number of bits set in the subnet mask; for instance, if the subnet mask is 255.255.255.0, there are 24 bits in the binary version of the subnet mask, so the prefix length is 24. If used, the values must be in the inclusive range of 0 to 32 for IPv4 and 0 to 128 for IPv6.",
                "required": {
                  "py/function": "config_parser._network_is_static"
                },
                "required_args": [
                  {
                    "py/tuple": [
                      "new_vcsa",
                      "network",
                      "mode"
                    ]
                  }
                ],
                "validate_args": [
                  {
                    "py/tuple": [
                      "new_vcsa",
                      "network",
                      "ip_family"
                    ]
                  },
                  {
                    "py/tuple": [
                      "new_vcsa",
                      "network",
                      "mode"
                    ]
                  }
                ]
              },
              "__comments": "This subsection describes the network settings of the new appliance.",
              "ip_family": {
                "type": {
                  "py/type": "config_parser.IpEnum"
                },
                "ovf-prop": "guestinfo.cis.appliance.net.addr.family",
                "validate": {
                  "py/function": "config_parser.validate_ip_family"
                },
                "__comments": "Network IP address family.",
                "required": false,
                "validate_args": [
                  {
                    "py/tuple": [
                      "new_vcsa",
                      null,
                      null
                    ]
                  }
                ],
                "default": "ipv4"
              },
              "dns_servers": {
                "type": [
                  {
                    "py/type": "__builtin__.str"
                  },
                  {
                    "py/type": "__builtin__.list"
                  }
                ],
                "ovf-prop": "guestinfo.cis.appliance.net.dns.servers",
                "validate": {
                  "py/function": "config_parser.validate_dns_servers"
                },
                "__comments": "A comma-separated list of IP addresses of DNS servers. Can be a JSON array such as [\"1.2.3.4\", \"127.0.0.1\"] or a serialized string such as \"1.2.3.4,127.0.0.1\".",
                "normalize": {
                  "py/function": "config_parser.serialize_array_string"
                },
                "required_args": [
                  {
                    "py/tuple": [
                      "new_vcsa",
                      "network",
                      "mode"
                    ]
                  }
                ],
                "required": {
                  "py/function": "config_parser._network_is_static"
                },
                "validate_args": [
                  {
                    "py/tuple": [
                      "new_vcsa",
                      "network",
                      "ip_family"
                    ]
                  }
                ]
              },
              "ip": {
                "ovf-prop": "guestinfo.cis.appliance.net.addr",
                "validate": {
                  "py/function": "config_parser.validate_ip"
                },
                "__comments": "Network IP address. Required only if the mode is \"static\". Can be IPv4 or IPv6 based on the specified address family.",
                "normalize": {
                  "py/function": "utils.base.detect_and_remove_ipv6_brackets"
                },
                "required_args": [
                  {
                    "py/tuple": [
                      "new_vcsa",
                      "network",
                      "mode"
                    ]
                  }
                ],
                "required": {
                  "py/function": "config_parser._network_is_static"
                },
                "validate_args": [
                  {
                    "py/tuple": [
                      "new_vcsa",
                      "network",
                      "ip_family"
                    ]
                  }
                ]
              },
              "system_name": {
                "ovf-prop": "guestinfo.cis.appliance.net.pnid",
                "validate": {
                  "py/function": "config_parser._is_valid_system_name"
                },
                "required_args": [
                  {
                    "py/tuple": [
                      "new_vcsa",
                      "network",
                      "mode"
                    ]
                  }
                ],
                "required": {
                  "py/function": "config_parser._network_is_static"
                },
                "__comments": "Primary network identity. Can be either an IP address or a fully qualified domain name (FQDN)."
              },
              "ports": {
                "type": {
                  "py/type": "__builtin__.dict"
                },
                "ovf-prop": "guestinfo.cis.appliance.net.ports",
                "validate": {
                  "py/function": "install.validate_port_mapping"
                },
                "__comments": "Port numbers on which the vCenter Server Appliance communicates with the other vSphere components. The input must be a dictionary: \"ports\": {\"rhttpproxy.ext.port2\":\"13443\", \"rhttpproxy.ext.port1\":\"7441\"}. You can customize the following ports: rhttpproxy.ext.port1\r\nrhttpproxy.ext.port2.",
                "required": false
              },
              "gateway": {
                "ovf-prop": "guestinfo.cis.appliance.net.gateway",
                "validate": {
                  "py/function": "config_parser.validate_gateway"
                },
                "__comments": "The IP address of the default gateway. Can be \"default\" when using IPv6.",
                "normalize": {
                  "py/function": "config_parser.normalize_gateway"
                },
                "required_args": [
                  {
                    "py/tuple": [
                      "new_vcsa",
                      "network",
                      "mode"
                    ]
                  }
                ],
                "required": {
                  "py/function": "config_parser._network_is_static"
                },
                "validate_args": [
                  {
                    "py/tuple": [
                      "new_vcsa",
                      "network",
                      "ip_family"
                    ]
                  }
                ]
              },
              "mode": {
                "type": {
                  "py/type": "config_parser.NetworkModeEnum"
                },
                "ovf-prop": "guestinfo.cis.appliance.net.mode",
                "__comments": "Network mode. Use this parameter to select how to allocate the IP address of the appliance.",
                "required": true
              }
            },
            "sso": {
              "first_instance": {
                "type": {
                  "py/type": "__builtin__.bool"
                },
                "ovf-prop": "guestinfo.cis.vmdir.first-instance",
                "__comments": "Specifies whether you are deploying the first Platform Services Controller in the domain. To create a new vCenter Single Sign-On domain, set the value to 'true'. To join a replication partner to an existing vCenter Single Sign-On domain, set the value to 'false'.",
                "required": false,
                "default": true
              },
              "domain_name": {
                "ovf-prop": "guestinfo.cis.vmdir.domain-name",
                "validate": {
                  "py/function": "config_parser.validate_sso_domain"
                },
                "__comments": "vCenter Single Sign-On domain name, for example \"vsphere.local\".",
                "required": true,
                "default": "vsphere.local"
              },
              "replication_partner_hostname": {
                "__comments": "The IP address or fully qualified domain name (FQDN) of the Platform Services Controller replication partner. Ignored, if this instance is the first instance of the identity domain.",
                "ovf-prop": "guestinfo.cis.vmdir.replication-partner-hostname",
                "validate": {
                  "py/function": "install.validate_replication_partner_hostname"
                },
                "required_args": [
                  {
                    "py/tuple": [
                      "new_vcsa",
                      "sso",
                      "first_instance"
                    ]
                  }
                ],
                "validate_args": [
                  {
                    "py/tuple": [
                      "new_vcsa",
                      "sso",
                      "first_instance"
                    ]
                  }
                ]
              },
              "__comments": "Single Sign-On options",
              "password": {
                "password": true,
                "ovf-prop": "guestinfo.cis.vmdir.password",
                "__comments": "You must set the administrator account password for the first Platform Services Controller (PSC) instance added to a vCenter Single Sign-On domain. When you add other PSC instances to the domain, you must provide the password of the first PSC instance. The first PSC instance becomes the replication partner for all subsequent PSC instances added to the domain. \nPassword must conform to the following requirements:\n    At least 8 characters\n    No more than 20 characters\n    At least 1 uppercase character\n    At least 1 lowercase character\n    At least 1 number\n    At least 1 special character (e.g., '!', '(', '@', etc.)\n    Only visible A-Z, a-z, 0-9 and punctuation (spaces are not allowed)\n",
                "required": true
              },
              "ssl_certificate_verification": {
                "type": {
                  "py/type": "__builtin__.dict"
                },
                "validate": {
                  "py/function": "config_parser._validate_cert_verification_settings"
                },
                "__comments": "Supply the SHA-1 thumbprint (fingerprint) of the server's security certificate in the \"thumbprint\" key, e.g. \"thumbprint\": \"CA:FE:18:99:11:22:33:44:55:A2:29:FC:59:47:7C:AB:CD:AB:AA:99\", or add the key-value pair \"verification_mode\": \"NONE\" to skip certificate verification for this server. Note that your server's thumbprint will be different from the example. The only value acceptable for \"verification_mode\" is \"NONE\" (case-sensitive), and \"thumbprint\" and \"verification_mode\" are mutually exclusive."
              },
              "platform_services_controller": {
                "ovf-prop": "guestinfo.cis.system.vm0.hostname",
                "required_args": [
                  {
                    "py/tuple": [
                      "new_vcsa",
                      "appliance",
                      "deployment_option"
                    ]
                  }
                ],
                "msg-required": "The new_vcsa->sso->platform_services_controller is required when you are deploying a vCenter Server Appliance with an external Platform Services Controller.",
                "required": {
                  "py/function": "install.deployment_is_management"
                },
                "__comments": "When deploying a vCenter Server Appliance with an external Platform Services Controller, you must set the system name of the Platform Services Controller. If the system name of the Platform Services Controller is an IP address, then you must provide the IP address of the Platform Services Controller. If you provide an IP address when the system name is an FQDN, or the reverse, the vCenter Server instance cannot be successfully registered with the Platform Services Controller."
              },
              "sso_port": {
                "type": {
                  "py/type": "__builtin__.int"
                },
                "required_args": [
                  {
                    "py/tuple": [
                      "new_vcsa",
                      "sso",
                      null
                    ]
                  }
                ],
                "__comments": {
                  "py/tuple": [
                    "The SSO port number of an external Platform Services Controller (PSC), defaulting to %s. If your first_instance PSC has changed its SSO port number, you can override the default value with that custom port number.",
                    443
                  ]
                },
                "default": 443
              },
              "site_name": {
                "ovf-prop": "guestinfo.cis.vmdir.site-name",
                "validate": {
                  "py/function": "config_parser.validate_sso_site"
                },
                "__comments": "The name of the vCenter Single Sign-On (SSO) site; valid only for PSC installation.",
                "required": false,
                "validate_args": [
                  {
                    "py/tuple": [
                      "new_vcsa",
                      "appliance",
                      "deployment_option"
                    ]
                  }
                ]
              }
            },
            "__comments": "This section describes the appliance that you want to deploy.",
            "os": {
              "password": {
                "password": true,
                "ovf-prop": "guestinfo.cis.appliance.root.passwd",
                "__comments": "Password of the root user of the Linux operating system of the appliance. \nPassword must conform to the following requirements:\n    At least 8 characters\n    No more than 20 characters\n    At least 1 uppercase character\n    At least 1 lowercase character\n    At least 1 number\n    At least 1 special character (e.g., '!', '(', '@', etc.)\n    Only visible A-Z, a-z, 0-9 and punctuation (spaces are not allowed)\n",
                "required": true
              },
              "ssh_enable": {
                "type": {
                  "py/type": "__builtin__.bool"
                },
                "ovf-prop": "guestinfo.cis.appliance.ssh.enabled",
                "__comments": "To enable the SSH administrator login option of the appliance, set the value to 'true'. You can change this setting after deployment.",
                "required": false
              },
              "ntp_servers": {
                "type": [
                  {
                    "py/type": "__builtin__.str"
                  },
                  {
                    "py/type": "__builtin__.list"
                  }
                ],
                "ovf-prop": "guestinfo.cis.appliance.ntp.servers",
                "validate": {
                  "py/function": "install.validate_ntp"
                },
                "__comments": "Required, unless \"time_tools_sync\" is provided. To configure NTP time synchronization for the appliance, set the value to a comma-separated list of host names or IP addresses of Network Time Protocol (NTP) servers. Can be a JSON array such as [\"ntp1.com\", \"ntp2.com\"] or a serialized string such as \"ntp1.com,ntp2.com\".",
                "normalize": {
                  "py/function": "config_parser.serialize_array_string"
                },
                "required_args": [
                  {
                    "py/tuple": [
                      "new_vcsa",
                      "os",
                      null
                    ]
                  }
                ]
              },
              "__comments": "This subsection describes the operating system configurations for the new appliance.",
              "time_tools_sync": {
                "type": {
                  "py/type": "__builtin__.bool"
                },
                "ovf-prop": "guestinfo.cis.appliance.time.tools-sync",
                "required_args": [
                  {
                    "py/tuple": [
                      "new_vcsa",
                      "os",
                      null
                    ]
                  }
                ],
                "__comments": "Required, unless \"ntp_servers\" is provided. To enable the VMware Tools time synchronization option of the appliance, set the value to 'true'. VMware Tools synchronizes the time of the appliance with the time of the ESXi host."
              }
            },
            "vc": {
              "vm_folder": {
                "type": [
                  {
                    "py/type": "__builtin__.str"
                  },
                  {
                    "py/type": "__builtin__.list"
                  }
                ],
                "required": false,
                "__comments": "A VM folder in the vCenter Server data center to which to add the appliance."
              },
              "username": {
                "required_args": [
                  {
                    "py/tuple": [
                      "new_vcsa",
                      null,
                      null
                    ]
                  }
                ],
                "__comments": "The user name of a user with administrative privileges or the Single Sign-On administrator on vCenter."
              },
              "port": {
                "type": {
                  "py/type": "__builtin__.int"
                },
                "required": false,
                "__comments": {
                  "py/tuple": [
                    "The port number of the vCenter Server instance. The default value is %s.",
                    443
                  ]
                }
              },
              "__comments": "This subsection describes the vCenter Server instance on which to deploy the appliance. Required if you are deploying the appliance on an ESXi host or DRS cluster from a vCenter Server inventory. Fill in either this subsection or the 'esxi' subsection.",
              "password": {
                "password": true,
                "required_args": [
                  {
                    "py/tuple": [
                      "new_vcsa",
                      null,
                      null
                    ]
                  }
                ],
                "__comments": "The password of a user with administrative privileges or the Single Sign-On administrator on vCenter. If left blank, or omitted, you will be prompted to enter it at the command console during template verification."
              },
              "datastore": {
                "required_args": [
                  {
                    "py/tuple": [
                      "new_vcsa",
                      null,
                      null
                    ]
                  }
                ],
                "__comments": {
                  "py/tuple": [
                    "The datastore on which to store the files of the appliance. This value has to be either a specific datastore name, or a specific datastore in a datastore cluster. The datastore must be accessible from the vCenter Server data center and must have at least %s GB of free space. Otherwise, the new appliance might not power on.",
                    25
                  ]
                }
              },
              "hostname": {
                "required_args": [
                  {
                    "py/tuple": [
                      "new_vcsa",
                      null,
                      null
                    ]
                  }
                ],
                "validate": {
                  "py/function": "config_parser._validate_vc_hostname"
                },
                "__comments": "The IP address or fully qualified domain name (FQDN) of the vCenter Server instance. If an FQDN is provided, it has to be resolvable from the machine that is running the installer."
              },
              "ssl_certificate_verification": {
                "type": {
                  "py/type": "__builtin__.dict"
                },
                "validate": {
                  "py/function": "config_parser._validate_cert_verification_settings"
                },
                "__comments": "Supply the SHA-1 thumbprint (fingerprint) of the server's security certificate in the \"thumbprint\" key, e.g. \"thumbprint\": \"CA:FE:18:99:11:22:33:44:55:A2:29:FC:59:47:7C:AB:CD:AB:AA:99\", or add the key-value pair \"verification_mode\": \"NONE\" to skip certificate verification for this server. Note that your server's thumbprint will be different from the example. The only value acceptable for \"verification_mode\" is \"NONE\" (case-sensitive), and \"thumbprint\" and \"verification_mode\" are mutually exclusive."
              },
              "target": {
                "type": [
                  {
                    "py/type": "__builtin__.str"
                  },
                  {
                    "py/type": "__builtin__.list"
                  }
                ],
                "required_args": [
                  {
                    "py/tuple": [
                      "new_vcsa",
                      null,
                      null
                    ]
                  }
                ],
                "__comments": "The path to a specific cluster, ESXi host, or resource pool under the datacenter specified in the template key \"datacenter\" above. This is where you want to deploy the appliance. This path must end with a cluster name, a ESXi hostname, or a resource pool name. Parent folders are optional. All names are case-sensitive. Examples: For the hierachy 'Parent Folder 1\\Parent Folder 2\\My ESXi', you must specify \"target\": [\"Parent Folder 1\", \"Parent Folder 2\", \"My ESXi\"]. For the hierarchy 'Parent Folder 1\\Parent Folder 2\\My DRS Cluster', you must specify \"target\": [\"Parent Folder 1\", \"Parent Folder 2\", \"My DRS Cluster\"]. If deploying to a resource pool, you must include the item \"Resources\" before the resource pool name. For example, if cluster \"My Cluster\" contains resource pool \"My Resource Pool\", you must specify \"target\": [\"My Cluster\", \"Resources\", \"My Resource Pool\"]. ESXi, cluster, and resource pool names must be the same as the names recorded in the vCenter inventory, i.e. if the name in the vCenter inventory is an IP address, the FQDN cannot be provided here, and vice versa. Use the template key 'vm_folder' if you want the deployed appliance to be listed in a different location within the data center's hierarchy.  Note that prechecks only verify the memory of the resource pool."
              },
              "datacenter": {
                "type": [
                  {
                    "py/type": "__builtin__.str"
                  },
                  {
                    "py/type": "__builtin__.list"
                  }
                ],
                "required_args": [
                  {
                    "py/tuple": [
                      "new_vcsa",
                      null,
                      null
                    ]
                  }
                ],
                "__comments": "The path to the datacenter. This path must end with the datacenter's name. If the datacenter has any parent folders, the parent folder names must also be in the path. Parent folders are optional. All names are case-sensitive. Example: \"datacenter\": [\"Parent Folder 1\", \"Parent Folder 2\", \"My Datacenter\"]."
              },
              "deployment_network": {
                "required": false,
                "__comments": "The network of the ESXi host to which to connect the new appliance. When the ESXi host has one network, you can omit this parameter."
              }
            },
            "appliance": {
              "ovftool_path": {
                "required": false,
                "validate": {
                  "py/function": "config_parser.validate_ovftool_path"
                },
                "validate_args": [
                  "is_default"
                ],
                "__comments": "A local file path to OVF Tool executable file.",
                "default": "D:\\vcsa-cli-installer\\win32\\..\\..\\vcsa\\ovftool\\win32\\ovftool.exe"
              },
              "name": {
                "required": true,
                "__comments": "The name of the appliance to deploy."
              },
              "__comments": "The deployment option below affects the VCSA's configuration parameters, such as the VCSA's number of vCPUs, the memory size, the storage size, and the maximum numbers of ESXi hosts and VMs which the VCSA can manage. For a list of acceptable values, run the supported deployment sizes help, i.e. vcsa-deploy --supported-deployment-sizes",
              "image": {
                "required": false,
                "validate": {
                  "py/function": "cli_ova.ova_validator.validate_ova_path"
                },
                "__comments": "A local file path or URL to the vCenter Server Appliance 6.7 installation package. The source is included in the installer ISO file.",
                "validate_args": [
                  "is_default",
                  {
                    "py/tuple": [
                      "new_vcsa",
                      "appliance",
                      "image_url_ssl_certificate_verification"
                    ]
                  }
                ]
              },
              "image_url_ssl_certificate_verification": {
                "type": {
                  "py/type": "__builtin__.dict"
                },
                "validate": {
                  "py/function": "config_parser._validate_cert_verification_settings"
                },
                "__comments": "Supply the SHA-1 thumbprint (fingerprint) of the server's security certificate in the \"thumbprint\" key, e.g. \"thumbprint\": \"CA:FE:18:99:11:22:33:44:55:A2:29:FC:59:47:7C:AB:CD:AB:AA:99\", or add the key-value pair \"verification_mode\": \"NONE\" to skip certificate verification for this server. Note that your server's thumbprint will be different from the example. The only value acceptable for \"verification_mode\" is \"NONE\" (case-sensitive), and \"thumbprint\" and \"verification_mode\" are mutually exclusive."
              },
              "deployment_option": {
                "type": {
                  "py/type": "config_parser.DeploymentOptionEnum"
                },
                "required": true,
                "validate": {
                  "py/function": "config_parser.validate_deployment_option"
                },
                "__comments": "The type of appliance to deploy.",
                "validate_args": [
                  {
                    "py/tuple": [
                      "new_vcsa",
                      "appliance",
                      "image"
                    ]
                  },
                  {
                    "py/tuple": [
                      "new_vcsa",
                      "appliance",
                      "image_url_ssl_certificate_verification"
                    ]
                  }
                ]
              },
              "thin_disk_mode": {
                "type": {
                  "py/type": "__builtin__.bool"
                },
                "required": false,
                "__comments": "To deploy the appliance with thin mode virtual disks, set the value to 'true'."
              }
            },
            "ovftool_arguments": {
              "*": {
                "type": [
                  {
                    "py/type": "__builtin__.str"
                  },
                  {
                    "py/type": "__builtin__.bool"
                  }
                ],
                "__title": "<OVF Tool argument name>",
                "__comments": "Values entered for these keys are passed to OVF Tool without any verification of compatibility with other generated arguments as '--key=value'. Keys that are not arguments recognized by OVF Tool will cause the script to fail.",
                "required": false
              },
              "__comments": "Use this subsection to add arbitrary arguments to the OVF Tool command that the script generates. You do not need to fill it out in most circumstances."
            },
            "esxi": {
              "username": {
                "required_args": [
                  {
                    "py/tuple": [
                      "new_vcsa",
                      null,
                      null
                    ]
                  }
                ],
                "__comments": "The user name of a user with administrative privileges on the ESXi host."
              },
              "port": {
                "type": {
                  "py/type": "__builtin__.int"
                },
                "required": false,
                "__comments": {
                  "py/tuple": [
                    "The port number of the ESXi host. The default value is %s.",
                    443
                  ]
                }
              },
              "__comments": "This subsection describes the ESXi host on which to deploy the appliance. Required if you are deploying the appliance directly on an ESXi host. Fill in either this subsection or the 'vc' subsection.",
              "password": {
                "password": true,
                "required_args": [
                  {
                    "py/tuple": [
                      "new_vcsa",
                      null,
                      null
                    ]
                  }
                ],
                "__comments": "The password of the ESXi host user. If left blank, or omitted, you will be prompted to enter it at the command console during template verification."
              },
              "datastore": {
                "required_args": [
                  {
                    "py/tuple": [
                      "new_vcsa",
                      null,
                      null
                    ]
                  }
                ],
                "__comments": {
                  "py/tuple": [
                    "The datastore on which to store the files of the appliance. This value has to be either a specific datastore name, or a specific datastore in a datastore cluster. The datastore must be accessible from the ESXi host and must have at least %s GB of free space. Otherwise, the new appliance might not power on.",
                    25
                  ]
                }
              },
              "hostname": {
                "required_args": [
                  {
                    "py/tuple": [
                      "new_vcsa",
                      null,
                      null
                    ]
                  }
                ],
                "validate": {
                  "py/function": "config_parser._validate_esxi_hostname"
                },
                "__comments": "The IP address or fully qualified domain name (FQDN) of the ESXi host. If an FQDN is provided, it has to be resolvable from the machine that is running the installer."
              },
              "ssl_certificate_verification": {
                "type": {
                  "py/type": "__builtin__.dict"
                },
                "validate": {
                  "py/function": "config_parser._validate_cert_verification_settings"
                },
                "__comments": "Supply the SHA-1 thumbprint (fingerprint) of the server's security certificate in the \"thumbprint\" key, e.g. \"thumbprint\": \"CA:FE:18:99:11:22:33:44:55:A2:29:FC:59:47:7C:AB:CD:AB:AA:99\", or add the key-value pair \"verification_mode\": \"NONE\" to skip certificate verification for this server. Note that your server's thumbprint will be different from the example. The only value acceptable for \"verification_mode\" is \"NONE\" (case-sensitive), and \"thumbprint\" and \"verification_mode\" are mutually exclusive."
              },
              "target": {
                "type": [
                  {
                    "py/type": "__builtin__.str"
                  },
                  {
                    "py/type": "__builtin__.list"
                  }
                ],
                "required": false,
                "required_args": [
                  {
                    "py/tuple": [
                      "new_vcsa",
                      null,
                      null
                    ]
                  }
                ],
                "__comments": "Optional for the \"esxi\" section. When deploying to a resource pool, this is the path to the resource pool on the ESXi host where the appliance will be deployed. Be sure to include the \"Resources\" item. For example, \"target\": [\"Resources\", \"My Resource Pool\"]. Nested resouce pools may also be specified.  For example, \"target\": [\"Resources\", \"Parent Pool\", \"Child Pool\"]. All names are case-sensitive. Note that prechecks only verify the memory of the resource pool."
              },
              "deployment_network": {
                "required": false,
                "__comments": "The network of the ESXi host to which to connect the new appliance. When the ESXi host has one network, you can omit this parameter."
              }
            }
          }
        },
        "datastore": "datastore1_NVMe",
        "ip_address": "172.17.5.250",
        "deploying_to_resource_pool": false,
        "sso_host": null,
        "sso_port": 443,
        "_user_data": {
          "__version": "2.13.0",
          "ceip": {
            "description": {},
            "settings": {
              "ceip_enabled": false
            }
          },
          "new_vcsa": {
            "network": {
              "prefix": "24",
              "gateway": "172.17.5.1",
              "ip_family": "ipv4",
              "dns_servers": "172.17.5.130",
              "ip": "172.17.5.250",
              "system_name": "vcentre-test.redink.com",
              "mode": "static"
            },
            "os": {
              "password": "******",
              "ssh_enable": true,
              "ntp_servers": "172.17.5.130"
            },
            "appliance": {
              "ovftool_path": "D:\\vcsa-cli-installer\\win32\\..\\..\\vcsa\\ovftool\\win32\\ovftool.exe",
              "name": "vCenter-Test",
              "deployment_option": "tiny",
              "thin_disk_mode": true
            },
            "sso": {
              "password": "******",
              "first_instance": true,
              "domain_name": "vsphere.local",
              "sso_port": 443
            },
            "esxi": {
              "username": "root",
              "port": 443,
              "password": "******",
              "datastore": "datastore1_NVMe",
              "hostname": "172.17.5.10",
              "deployment_network": "Production Server"
            }
          },
          "default_factory": {
            "py/object": "jsonpickle.handlers.CloneFactory",
            "exemplar": {
              "py/object": "collections.defaultdict",
              "default_factory": {
                "py/object": "jsonpickle.handlers.CloneFactory",
                "exemplar": {
                  "py/object": "collections.defaultdict",
                  "default_factory": {
                    "py/object": "jsonpickle.handlers.CloneFactory",
                    "exemplar": null
                  }
                }
              }
            }
          },
          "py/object": "collections.defaultdict"
        },
        "deployment_network": "Production Server",
        "password": "******",
        "vum_hostname": null,
        "repeated_keys": {
          "py/set": []
        },
        "skip_host_cert_verification": false,
        "sso_domain": "vsphere.local",
        "port": 443,
        "network_prefix": "24",
        "deployment_option": "tiny",
        "is_vmc": false,
        "skip_sso_cert_verification": false,
        "vm_folder": null,
        "skip_image_url_cert_verification": false,
        "is_ceip_enabled": false,
        "image_url_cert_thumbprint": null,
        "system_name": "vcentre-test.redink.com",
        "sso_cert_thumbprint": null,
        "net_ports": null,
        "gateway": "172.17.5.1",
        "ip_family": "ipv4",
        "skip_ssl_certificate_verification": true,
        "ovftool_path": "D:\\vcsa-cli-installer\\win32\\..\\..\\vcsa\\ovftool\\win32\\ovftool.exe",
        "template_path": "F:\\GitHub\\Source\\Terraform\\Projects\\VCSA CLI Install\\embedded_vCSA_on_ESXi_6.7.json",
        "root_password": "******",
        "host_cert_thumbprint": null,
        "_extra_ovf_params": {
          "guestinfo.cis.system.vm0.port": {
            "password": false,
            "value": 443
          }
        },
        "replication_node": null,
        "deployment_path": "",
        "dns_servers": "172.17.5.130",
        "ssh_enable": true,
        "host": "172.17.5.10",
        "appliance_name": "vCenter-Test",
        "source": "D:\\vcsa-cli-installer\\win32\\..\\..\\vcsa\\VMware-vCenter-Server-Appliance-6.7.0.42000-15132721_OVF10.ova",
        "network_mode": "static",
        "sso_password": "******",
        "target_path": [],
        "action": "install",
        "is_sso_first_instance": true,
        "username": "root",
        "infrastructure_node": null,
        "is_thin_disk": true
      },
      "template_newvc_network_mode": "static",
      "cli_arg_log_dir": null,
      "appliance_ip_address": "172.17.5.250",
      "template_newvc_os_ssh_enabled": true,
      "template_newvc_is_vc_deploy_mode": false,
      "ova_package_path": "D:\\vcsa-cli-installer\\win32\\..\\..\\vcsa\\VMware-vCenter-Server-Appliance-6.7.0.42000-15132721_OVF10.ova",
      "appliance_deploy_task_started": true,
      "version_min_target_esx_version": "6.0",
      "template_newvc_host_datastore": "datastore1_NVMe",
      "cli_arg_no_esx_ssl_verify": true,
      "workflow_log_dir": "C:\\Users\\TI\\AppData\\Local\\Temp\\vcsaCliInstaller-2020-03-02-11-59-5bj71zxf\\workflow_1583150388067",
      "template_newvc_sso_first_instance": true,
      "is_vmc": false,
      "template_newvc_host_deployment_network": "Production Server",
      "template_newvc_appliance_name": "vCenter-Test",
      "cli_arg_verbose": true,
      "version_min_target_vc_version": "6.0",
      "cli_arg_terse": false,
      "template_newvc_appliance_thin_disk_mode": true,
      "template_newvc_sso_cert_thumbprint": null,
      "template_newvc_sso_sso_port": 443,
      "template_newvc_host_port": 443,
      "template_newvc_os_ntp_servers": "172.17.5.130",
      "template_newvc_network_gateway": "172.17.5.1",
      "template_type": "EMBEDDED",
      "cli_arg_pause_on_warnings": false,
      "deploying_to_resource_pool": false,
      "service_install_monitoring_timeout": 2400,
      "template_newvc_sso_replication_partner_hostname": null,
      "template_newvc_esxi_datastore": "datastore1_NVMe",
      "cli_arg_template": [
        "F:\\GitHub\\Source\\Terraform\\Projects\\VCSA CLI Install\\embedded_vCSA_on_ESXi_6.7.json"
      ],
      "template_newvc_sso_domain_name": "vsphere.local",
      "template_newvc_network_ports": null,
      "template_skip_sso_cert_verification": false,
      "operation_id": null,
      "template_newvc_host_hostname": "172.17.5.10",
      "template_newvc_network_ip_family": "ipv4",
      "all_appliance_ip_address": [
        "172.17.5.250"
      ],
      "template_newvc_host_vm_folder": null,
      "deployment_path": ""
    },
    "maskables_dict": {
      "password": "******",
      "passwd": "******"
    }
  }
}