{
  "__version": "2.13.0",
  "ceip": {
    "description": {},
    "settings": {
      "ceip_enabled": false
    }
  },
  "new_vcsa": {
    "network": {
      "dns_servers": "172.17.5.130",
      "mode": "static",
      "ip_family": "ipv4",
      "gateway": "172.17.5.1",
      "prefix": "24",
      "system_name": "vcentre-test.redink.com",
      "ip": "172.17.5.250"
    },
    "os": {
      "password": "******",
      "ssh_enable": true,
      "ntp_servers": "172.17.5.130"
    },
    "appliance": {
      "ovftool_path": "D:\\vcsa-cli-installer\\win32\\..\\..\\vcsa\\ovftool\\win32\\ovftool.exe",
      "name": "vCenter-Test",
      "deployment_option": "tiny",
      "thin_disk_mode": true
    },
    "sso": {
      "password": "******",
      "first_instance": true,
      "domain_name": "vsphere.local",
      "sso_port": 443
    },
    "esxi": {
      "port": 443,
      "hostname": "172.17.5.10",
      "datastore": "datastore1_NVMe",
      "username": "root",
      "password": "******",
      "deployment_network": "Production Server"
    }
  }
}