{
  "cancelable": false,
  "description": {
    "args": [],
    "default_message": "Install vCenter Server appliance.",
    "id": "com.vmware.vcenter.deploy.task.description.op.install"
  },
  "end_time": "2020-03-02T12:11:02.960Z",
  "operation": "INSTALL",
  "progress": {
    "completed": 2,
    "message": {
      "args": [],
      "default_message": "Task has completed successfully.",
      "id": "com.vmware.vcenter.deploy.task.complete.success"
    },
    "total": 3
  },
  "service": "",
  "start_time": "2020-03-02T12:01:23.411Z",
  "state": "CONFIGURED",
  "status": "SUCCEEDED",
  "subtask_order": [
    "rpminstall",
    "validate",
    "firstboot"
  ],
  "subtasks": [
    {
      "key": "validate",
      "value": {
        "cancelable": false,
        "description": {
          "args": [],
          "default_message": "Validate input parameters.",
          "id": "com.vmware.vcenter.deploy.task.description.validate"
        },
        "operation": "",
        "service": "",
        "status": "PENDING"
      }
    },
    {
      "key": "firstboot",
      "value": {
        "cancelable": false,
        "description": {
          "args": [],
          "default_message": "Run firstboot scripts.",
          "id": "com.vmware.vcenter.deploy.task.description.firstboot"
        },
        "end_time": "2020-03-02T12:11:02.960Z",
        "operation": "",
        "progress": {
          "completed": 100,
          "message": {
            "args": [],
            "default_message": "Task has completed successfully.",
            "id": "com.vmware.vcenter.deploy.task.complete.success"
          },
          "total": 100
        },
        "service": "",
        "start_time": "2020-03-02T12:04:49.125Z",
        "status": "SUCCEEDED"
      }
    },
    {
      "key": "rpminstall",
      "value": {
        "cancelable": false,
        "description": {
          "args": [],
          "default_message": "Install required RPMs for the appliance.",
          "id": "com.vmware.vcenter.deploy.task.description.rpminstall"
        },
        "end_time": "2020-03-02T12:04:47.534Z",
        "operation": "",
        "progress": {
          "completed": 100,
          "message": {
            "args": [],
            "default_message": "Task has completed successfully.",
            "id": "com.vmware.vcenter.deploy.task.complete.success"
          },
          "total": 100
        },
        "service": "",
        "start_time": "2020-03-02T12:01:23.411Z",
        "status": "SUCCEEDED"
      }
    }
  ]
}