{
  "service": false,
  "state": "<placeholder>",
  "status": "SUCCEEDED",
  "start_time": "2020-03-02T11:59:55.722219",
  "last_updated_time": "2020-03-02T12:00:22.900091",
  "end_time": "2020-03-02T12:00:22.900091",
  "progress": {
    "completed": 12,
    "total": 12,
    "message": {
      "default_message": "Successfully executed Task 'Running precheck: SSOExternal' in TaskFlow 'install'",
      "id": "",
      "args": []
    }
  },
  "metadata_file": "",
  "subtask_order": [
    [
      "com.vmware.vcsa.installer.prechecks.appliance_name",
      "com.vmware.vcsa.installer.prechecks.target_ds_freespace"
    ],
    [
      "com.vmware.vcsa.installer.prechecks.target_host_type",
      "com.vmware.vcsa.installer.prechecks.esx_management_status"
    ],
    [
      "com.vmware.vcsa.installer.prechecks.target_host_type",
      "com.vmware.vcsa.installer.prechecks.target_version"
    ],
    [
      "com.vmware.vcsa.installer.prechecks.host_configs",
      "com.vmware.vcsa.installer.prechecks.target_ds_freespace"
    ],
    [
      "com.vmware.vcsa.installer.prechecks.target_version",
      "com.vmware.vcsa.installer.prechecks.ova_properties"
    ],
    [
      "com.vmware.vcsa.installer.prechecks.esx_management_status",
      "com.vmware.vcsa.installer.prechecks.target_ds_freespace"
    ],
    [
      "com.vmware.vcsa.installer.prechecks.target_credentials",
      "com.vmware.vcsa.installer.prechecks.appliance_name"
    ],
    [
      "com.vmware.vcsa.installer.prechecks.target_credentials",
      "com.vmware.vcsa.installer.prechecks.target_host_type"
    ],
    [
      "com.vmware.vcsa.installer.prechecks.target_credentials",
      "com.vmware.vcsa.installer.prechecks.host_configs"
    ],
    [
      "com.vmware.vcsa.installer.prechecks.ip_fqdn_in_use",
      "com.vmware.vcsa.installer.deprecation_warking"
    ],
    [
      "com.vmware.vcsa.installer.prechecks.target_ds_freespace",
      "com.vmware.vcsa.installer.prechecks.sso_credentials"
    ],
    [
      "com.vmware.vcsa.installer.prechecks.ova_properties",
      "com.vmware.vcsa.installer.prechecks.ip_fqdn_in_use"
    ],
    [
      "com.vmware.vcsa.installer.prechecks.sso_credentials",
      "com.vmware.vcsa.installer.prechecks.sso_external"
    ],
    [
      "com.vmware.vcsa.installer.deprecation_warking",
      "com.vmware.vcsa.installer.prechecks.target_ds_freespace"
    ]
  ],
  "subtasks": {
    "com.vmware.vcsa.installer.prechecks.target_version": {
      "description": "Verify that the target ESXi or VC version meets the minimum requirements",
      "status": "SUCCEEDED",
      "start_time": "2020-03-02T12:00:00.346991",
      "last_updated_time": "2020-03-02T12:00:00.624991",
      "end_time": "2020-03-02T12:00:00.624991",
      "progress": {
        "completed": 1,
        "total": 1,
        "message": {
          "default_message": "Successfully executed Task 'Running precheck: TargetVersion' in TaskFlow 'install'",
          "id": "",
          "args": []
        }
      },
      "external_tools": [],
      "result": {
        "info": [],
        "warnings": [],
        "errors": []
      }
    },
    "com.vmware.vcsa.installer.prechecks.target_ds_freespace": {
      "description": "Check whether the datastore's free space accommodate the VCSA's deployment option",
      "status": "SUCCEEDED",
      "start_time": "2020-03-02T12:00:21.583092",
      "last_updated_time": "2020-03-02T12:00:21.757091",
      "end_time": "2020-03-02T12:00:21.757091",
      "progress": {
        "completed": 1,
        "total": 1,
        "message": {
          "default_message": "Successfully executed Task 'Running precheck: TargetDsFreespace' in TaskFlow 'install'",
          "id": "",
          "args": []
        }
      },
      "external_tools": [],
      "result": {
        "info": [],
        "warnings": [],
        "errors": []
      }
    },
    "com.vmware.vcsa.installer.prechecks.target_host_type": {
      "description": "Verify the target host type matches the one given in the template",
      "status": "SUCCEEDED",
      "start_time": "2020-03-02T11:59:59.639998",
      "last_updated_time": "2020-03-02T11:59:59.899993",
      "end_time": "2020-03-02T11:59:59.899993",
      "progress": {
        "completed": 1,
        "total": 1,
        "message": {
          "default_message": "Successfully executed Task 'Running precheck: TargetHostType' in TaskFlow 'install'",
          "id": "",
          "args": []
        }
      },
      "external_tools": [],
      "result": {
        "info": [],
        "warnings": [],
        "errors": []
      }
    },
    "com.vmware.vcsa.installer.prechecks.ova_properties": {
      "description": "Validate that the OVA image has the required OVA properties.",
      "status": "SUCCEEDED",
      "start_time": "2020-03-02T12:00:01.074991",
      "last_updated_time": "2020-03-02T12:00:01.649992",
      "end_time": "2020-03-02T12:00:01.649992",
      "progress": {
        "completed": 1,
        "total": 1,
        "message": {
          "default_message": "Successfully executed Task 'Running precheck: OVAProperties.' in TaskFlow 'install'",
          "id": "",
          "args": []
        }
      },
      "external_tools": [],
      "result": {
        "info": [],
        "warnings": [],
        "errors": []
      }
    },
    "com.vmware.vcsa.installer.prechecks.esx_management_status": {
      "description": "Validate the target ESXi management status",
      "status": "SUCCEEDED",
      "start_time": "2020-03-02T12:00:19.735026",
      "last_updated_time": "2020-03-02T12:00:20.075026",
      "end_time": "2020-03-02T12:00:20.075026",
      "progress": {
        "completed": 1,
        "total": 1,
        "message": {
          "default_message": "Successfully executed Task 'Running precheck: ESXManagementStatus' in TaskFlow 'install'",
          "id": "",
          "args": []
        }
      },
      "external_tools": [],
      "result": {
        "info": [],
        "warnings": [],
        "errors": []
      }
    },
    "com.vmware.vcsa.installer.prechecks.sso_external": {
      "description": "Verify that the provided external SSO (PSC)/Embedded info is valid",
      "status": "SUCCEEDED",
      "start_time": "2020-03-02T12:00:22.623093",
      "last_updated_time": "2020-03-02T12:00:22.875090",
      "end_time": "2020-03-02T12:00:22.875090",
      "progress": {
        "completed": 1,
        "total": 1,
        "message": {
          "default_message": "Successfully executed Task 'Running precheck: SSOExternal' in TaskFlow 'install'",
          "id": "",
          "args": []
        }
      },
      "external_tools": [],
      "result": {
        "info": [],
        "warnings": [],
        "errors": []
      }
    },
    "com.vmware.vcsa.installer.prechecks.sso_credentials": {
      "description": "Verify the provided SSO info is valid by connecting to the STS service.",
      "status": "SUCCEEDED",
      "start_time": "2020-03-02T12:00:22.076094",
      "last_updated_time": "2020-03-02T12:00:22.191092",
      "end_time": "2020-03-02T12:00:22.191092",
      "progress": {
        "completed": 1,
        "total": 1,
        "message": {
          "default_message": "Successfully executed Task 'Running precheck: SSOCredentials' in TaskFlow 'install'",
          "id": "",
          "args": []
        }
      },
      "external_tools": [],
      "result": {
        "info": [],
        "warnings": [],
        "errors": []
      }
    },
    "com.vmware.vcsa.installer.prechecks.appliance_name": {
      "description": "Validate the provided target appliance name is available to use",
      "status": "SUCCEEDED",
      "start_time": "2020-03-02T12:00:20.422026",
      "last_updated_time": "2020-03-02T12:00:21.247093",
      "end_time": "2020-03-02T12:00:21.247093",
      "progress": {
        "completed": 1,
        "total": 1,
        "message": {
          "default_message": "Successfully executed Task 'Running precheck: ApplianceName' in TaskFlow 'install'",
          "id": "",
          "args": []
        }
      },
      "external_tools": [],
      "result": {
        "info": [],
        "warnings": [],
        "errors": []
      }
    },
    "com.vmware.vcsa.installer.prechecks.target_credentials": {
      "description": "Verify that the provided credentials for the target ESXi/VC are valid",
      "status": "SUCCEEDED",
      "start_time": "2020-03-02T11:59:55.721220",
      "last_updated_time": "2020-03-02T11:59:56.109215",
      "end_time": "2020-03-02T11:59:56.109215",
      "progress": {
        "completed": 1,
        "total": 1,
        "message": {
          "default_message": "Successfully executed Task 'Running precheck: TargetCredentials' in TaskFlow 'install'",
          "id": "",
          "args": []
        }
      },
      "external_tools": [],
      "result": {
        "info": [],
        "warnings": [],
        "errors": []
      }
    },
    "com.vmware.vcsa.installer.deprecation_warking": {
      "description": "Check and warn about vCenter server with external Platform services controller topology deprecation in future vCenter releases.",
      "status": "SUCCEEDED",
      "start_time": "2020-03-02T12:00:19.253026",
      "last_updated_time": "2020-03-02T12:00:19.366032",
      "end_time": "2020-03-02T12:00:19.366032",
      "progress": {
        "completed": 1,
        "total": 1,
        "message": {
          "default_message": "Successfully executed Task 'Running task: DeprecationWarningTask' in TaskFlow 'install'",
          "id": "",
          "args": []
        }
      },
      "external_tools": [],
      "result": {
        "info": [],
        "warnings": [],
        "errors": []
      }
    },
    "com.vmware.vcsa.installer.prechecks.host_configs": {
      "description": "Precheck CPU, memory and datastore size requirements for a host.",
      "status": "SUCCEEDED",
      "start_time": "2020-03-02T11:59:56.610216",
      "last_updated_time": "2020-03-02T11:59:59.323992",
      "end_time": "2020-03-02T11:59:59.323992",
      "progress": {
        "completed": 1,
        "total": 1,
        "message": {
          "default_message": "Successfully executed Task 'Running precheck: HostConfigs' in TaskFlow 'install'",
          "id": "",
          "args": []
        }
      },
      "external_tools": [],
      "result": {
        "info": [
          {
            "id": "",
            "time": "2020-03-02T11:59:46.815216",
            "message": {
              "default_message": "Found datastore 'datastore1_NVMe' in host 'esxiMgt1.redink.com': Capacity = 458.25 GB. Free space = 178.27 GB.\nFound non-clustered host 'esxiMgt1.redink.com'. Memory size: 64 GB. Logical CPU (core) count: 16. Hyperthreading is enabled.",
              "id": "",
              "args": []
            },
            "resolution": {
              "default_message": "",
              "id": "",
              "args": []
            }
          }
        ],
        "warnings": [],
        "errors": []
      }
    },
    "com.vmware.vcsa.installer.prechecks.ip_fqdn_in_use": {
      "description": "Validate the provided ip/fqdn is available to use",
      "status": "SUCCEEDED",
      "start_time": "2020-03-02T12:00:02.060996",
      "last_updated_time": "2020-03-02T12:00:18.868029",
      "end_time": "2020-03-02T12:00:18.868029",
      "progress": {
        "completed": 1,
        "total": 1,
        "message": {
          "default_message": "Successfully executed Task 'Running precheck: IpFqdnInUse' in TaskFlow 'install'",
          "id": "",
          "args": []
        }
      },
      "external_tools": [],
      "result": {
        "info": [],
        "warnings": [],
        "errors": []
      }
    }
  },
  "appliance_info": {
    "appliance_name": "vCenter-Test",
    "appliance_fqdn": "",
    "appliance_ips": []
  }
}